stud_name,course_name,teacher,ects,classroom,grade,img_url
Gentri#0,Dansk,Hans Jørgensen,10,6,7,3.jpg
Gentri#0,Dansk,Jens Hansen,10,12,7,3.jpg
Gentri#0,Dansk,Hans Jensen,10,1,4,3.jpg
Gentri#0,Matematik,Hans Jensen,10,18,4,3.jpg
Gentri#0,Engelsk,Hans Jensen,10,2,7,3.jpg
Gentri#0,Engelsk,Jens Hansen,10,7,12,3.jpg
Gentri#0,Matematik,Jens Hansen,10,9,4,3.jpg
Gentri#0,Matematik,Hans Jørgensen,10,15,12,3.jpg
Gentri#0,Engelsk,Jens Hansen,10,17,7,3.jpg
Gentri#0,Dansk,Hans Jørgensen,10,6,4,3.jpg
Gentri#0,Matematik,Hans Jørgensen,10,1,7,3.jpg
Gentri#0,Engelsk,Jens Hansen,10,10,4,3.jpg
Gentri#0,Matematik,Hans Jørgensen,10,16,7,3.jpg
Gentri#0,Matematik,Hans Jensen,10,9,12,3.jpg
Gentri#0,Engelsk,Hans Jørgensen,10,6,4,3.jpg
Gentri#0,Dansk,Jens Hansen,10,7,10,3.jpg
Gentri#0,Engelsk,Jens Hansen,10,10,4,3.jpg
Gentri#0,Engelsk,Hans Jørgensen,10,19,10,3.jpg
Gentri#0,Dansk,Hans Jensen,10,16,10,3.jpg
Gentri#0,Engelsk,Jens Hansen,10,6,12,3.jpg
Gentri#0,Engelsk,Jens Hansen,10,1,4,3.jpg
Gentri#0,Engelsk,Hans Jørgensen,10,7,4,3.jpg
Gentri#1,Dansk,Hans Jørgensen,10,6,7,3.jpg
Gentri#1,Dansk,Jens Hansen,10,12,7,3.jpg
Gentri#1,Dansk,Hans Jensen,10,1,4,3.jpg
Gentri#1,Matematik,Hans Jensen,10,18,4,3.jpg
Gentri#1,Engelsk,Hans Jensen,10,2,7,3.jpg
Gentri#1,Engelsk,Jens Hansen,10,7,12,3.jpg
Gentri#1,Matematik,Jens Hansen,10,9,4,3.jpg
Gentri#1,Matematik,Hans Jørgensen,10,15,12,3.jpg
Gentri#1,Engelsk,Jens Hansen,10,17,7,3.jpg
Gentri#1,Dansk,Hans Jørgensen,10,6,4,3.jpg
Gentri#1,Matematik,Hans Jørgensen,10,1,7,3.jpg
Gentri#1,Engelsk,Jens Hansen,10,10,4,3.jpg
Gentri#1,Matematik,Hans Jørgensen,10,16,7,3.jpg
Gentri#1,Matematik,Hans Jensen,10,9,12,3.jpg
Gentri#1,Engelsk,Hans Jørgensen,10,6,4,3.jpg
Gentri#1,Dansk,Jens Hansen,10,7,10,3.jpg
Gentri#1,Engelsk,Jens Hansen,10,10,4,3.jpg
Gentri#1,Engelsk,Hans Jørgensen,10,19,10,3.jpg
Gentri#1,Dansk,Hans Jensen,10,16,10,3.jpg
Gentri#1,Engelsk,Jens Hansen,10,6,12,3.jpg
Gentri#1,Engelsk,Jens Hansen,10,1,4,3.jpg
Gentri#1,Engelsk,Hans Jørgensen,10,7,4,3.jpg
Borneo#2,Dansk,Hans Jørgensen,10,6,7,2.jpg
Borneo#2,Dansk,Jens Hansen,10,12,7,2.jpg
Borneo#2,Dansk,Hans Jensen,10,1,4,2.jpg
Borneo#2,Matematik,Hans Jensen,10,18,4,2.jpg
Borneo#2,Engelsk,Hans Jensen,10,2,7,2.jpg
Borneo#2,Engelsk,Jens Hansen,10,7,12,2.jpg
Borneo#2,Matematik,Jens Hansen,10,9,4,2.jpg
Borneo#2,Matematik,Hans Jørgensen,10,15,12,2.jpg
Borneo#2,Engelsk,Jens Hansen,10,17,7,2.jpg
Borneo#2,Dansk,Hans Jørgensen,10,6,4,2.jpg
Borneo#2,Matematik,Hans Jørgensen,10,1,7,2.jpg
Borneo#2,Engelsk,Jens Hansen,10,10,4,2.jpg
Borneo#2,Matematik,Hans Jørgensen,10,16,7,2.jpg
Borneo#2,Matematik,Hans Jensen,10,9,12,2.jpg
Borneo#2,Engelsk,Hans Jørgensen,10,6,4,2.jpg
Borneo#2,Dansk,Jens Hansen,10,7,10,2.jpg
Borneo#2,Engelsk,Jens Hansen,10,10,4,2.jpg
Borneo#2,Engelsk,Hans Jørgensen,10,19,10,2.jpg
Borneo#2,Dansk,Hans Jensen,10,16,10,2.jpg
Borneo#2,Engelsk,Jens Hansen,10,6,12,2.jpg
Borneo#2,Engelsk,Jens Hansen,10,1,4,2.jpg
Borneo#2,Engelsk,Hans Jørgensen,10,7,4,2.jpg
Borneo#3,Dansk,Hans Jørgensen,10,6,7,2.jpg
Borneo#3,Dansk,Jens Hansen,10,12,7,2.jpg
Borneo#3,Dansk,Hans Jensen,10,1,4,2.jpg
Borneo#3,Matematik,Hans Jensen,10,18,4,2.jpg
Borneo#3,Engelsk,Hans Jensen,10,2,7,2.jpg
Borneo#3,Engelsk,Jens Hansen,10,7,12,2.jpg
Borneo#3,Matematik,Jens Hansen,10,9,4,2.jpg
Borneo#3,Matematik,Hans Jørgensen,10,15,12,2.jpg
Borneo#3,Engelsk,Jens Hansen,10,17,7,2.jpg
Borneo#3,Dansk,Hans Jørgensen,10,6,4,2.jpg
Borneo#3,Matematik,Hans Jørgensen,10,1,7,2.jpg
Borneo#3,Engelsk,Jens Hansen,10,10,4,2.jpg
Borneo#3,Matematik,Hans Jørgensen,10,16,7,2.jpg
Borneo#3,Matematik,Hans Jensen,10,9,12,2.jpg
Borneo#3,Engelsk,Hans Jørgensen,10,6,4,2.jpg
Borneo#3,Dansk,Jens Hansen,10,7,10,2.jpg
Borneo#3,Engelsk,Jens Hansen,10,10,4,2.jpg
Borneo#3,Engelsk,Hans Jørgensen,10,19,10,2.jpg
Borneo#3,Dansk,Hans Jensen,10,16,10,2.jpg
Borneo#3,Engelsk,Jens Hansen,10,6,12,2.jpg
Borneo#3,Engelsk,Jens Hansen,10,1,4,2.jpg
Borneo#3,Engelsk,Hans Jørgensen,10,7,4,2.jpg
Jethro#4,Dansk,Hans Jørgensen,10,6,7,2.jpg
Jethro#4,Dansk,Jens Hansen,10,12,7,2.jpg
Jethro#4,Dansk,Hans Jensen,10,1,4,2.jpg
Jethro#4,Matematik,Hans Jensen,10,18,4,2.jpg
Jethro#4,Engelsk,Hans Jensen,10,2,7,2.jpg
Jethro#4,Engelsk,Jens Hansen,10,7,12,2.jpg
Jethro#4,Matematik,Jens Hansen,10,9,4,2.jpg
Jethro#4,Matematik,Hans Jørgensen,10,15,12,2.jpg
Jethro#4,Engelsk,Jens Hansen,10,17,7,2.jpg
Jethro#4,Dansk,Hans Jørgensen,10,6,4,2.jpg
Jethro#4,Matematik,Hans Jørgensen,10,1,7,2.jpg
Jethro#4,Engelsk,Jens Hansen,10,10,4,2.jpg
Jethro#4,Matematik,Hans Jørgensen,10,16,7,2.jpg
Jethro#4,Matematik,Hans Jensen,10,9,12,2.jpg
Jethro#4,Engelsk,Hans Jørgensen,10,6,4,2.jpg
Jethro#4,Dansk,Jens Hansen,10,7,10,2.jpg
Jethro#4,Engelsk,Jens Hansen,10,10,4,2.jpg
Jethro#4,Engelsk,Hans Jørgensen,10,19,10,2.jpg
Jethro#4,Dansk,Hans Jensen,10,16,10,2.jpg
Jethro#4,Engelsk,Jens Hansen,10,6,12,2.jpg
Jethro#4,Engelsk,Jens Hansen,10,1,4,2.jpg
Jethro#4,Engelsk,Hans Jørgensen,10,7,4,2.jpg
Jethro#5,Dansk,Hans Jørgensen,10,6,7,2.jpg
Jethro#5,Dansk,Jens Hansen,10,12,7,2.jpg
Jethro#5,Dansk,Hans Jensen,10,1,4,2.jpg
Jethro#5,Matematik,Hans Jensen,10,18,4,2.jpg
Jethro#5,Engelsk,Hans Jensen,10,2,7,2.jpg
Jethro#5,Engelsk,Jens Hansen,10,7,12,2.jpg
Jethro#5,Matematik,Jens Hansen,10,9,4,2.jpg
Jethro#5,Matematik,Hans Jørgensen,10,15,12,2.jpg
Jethro#5,Engelsk,Jens Hansen,10,17,7,2.jpg
Jethro#5,Dansk,Hans Jørgensen,10,6,4,2.jpg
Jethro#5,Matematik,Hans Jørgensen,10,1,7,2.jpg
Jethro#5,Engelsk,Jens Hansen,10,10,4,2.jpg
Jethro#5,Matematik,Hans Jørgensen,10,16,7,2.jpg
Jethro#5,Matematik,Hans Jensen,10,9,12,2.jpg
Jethro#5,Engelsk,Hans Jørgensen,10,6,4,2.jpg
Jethro#5,Dansk,Jens Hansen,10,7,10,2.jpg
Jethro#5,Engelsk,Jens Hansen,10,10,4,2.jpg
Jethro#5,Engelsk,Hans Jørgensen,10,19,10,2.jpg
Jethro#5,Dansk,Hans Jensen,10,16,10,2.jpg
Jethro#5,Engelsk,Jens Hansen,10,6,12,2.jpg
Jethro#5,Engelsk,Jens Hansen,10,1,4,2.jpg
Jethro#5,Engelsk,Hans Jørgensen,10,7,4,2.jpg
Borneo#6,Dansk,Hans Jørgensen,10,6,7,3.jpg
Borneo#6,Dansk,Jens Hansen,10,12,7,3.jpg
Borneo#6,Dansk,Hans Jensen,10,1,4,3.jpg
Borneo#6,Matematik,Hans Jensen,10,18,4,3.jpg
Borneo#6,Engelsk,Hans Jensen,10,2,7,3.jpg
Borneo#6,Engelsk,Jens Hansen,10,7,12,3.jpg
Borneo#6,Matematik,Jens Hansen,10,9,4,3.jpg
Borneo#6,Matematik,Hans Jørgensen,10,15,12,3.jpg
Borneo#6,Engelsk,Jens Hansen,10,17,7,3.jpg
Borneo#6,Dansk,Hans Jørgensen,10,6,4,3.jpg
Borneo#6,Matematik,Hans Jørgensen,10,1,7,3.jpg
Borneo#6,Engelsk,Jens Hansen,10,10,4,3.jpg
Borneo#6,Matematik,Hans Jørgensen,10,16,7,3.jpg
Borneo#6,Matematik,Hans Jensen,10,9,12,3.jpg
Borneo#6,Engelsk,Hans Jørgensen,10,6,4,3.jpg
Borneo#6,Dansk,Jens Hansen,10,7,10,3.jpg
Borneo#6,Engelsk,Jens Hansen,10,10,4,3.jpg
Borneo#6,Engelsk,Hans Jørgensen,10,19,10,3.jpg
Borneo#6,Dansk,Hans Jensen,10,16,10,3.jpg
Borneo#6,Engelsk,Jens Hansen,10,6,12,3.jpg
Borneo#6,Engelsk,Jens Hansen,10,1,4,3.jpg
Borneo#6,Engelsk,Hans Jørgensen,10,7,4,3.jpg
Gentri#7,Dansk,Hans Jørgensen,10,6,7,3.jpg
Gentri#7,Dansk,Jens Hansen,10,12,7,3.jpg
Gentri#7,Dansk,Hans Jensen,10,1,4,3.jpg
Gentri#7,Matematik,Hans Jensen,10,18,4,3.jpg
Gentri#7,Engelsk,Hans Jensen,10,2,7,3.jpg
Gentri#7,Engelsk,Jens Hansen,10,7,12,3.jpg
Gentri#7,Matematik,Jens Hansen,10,9,4,3.jpg
Gentri#7,Matematik,Hans Jørgensen,10,15,12,3.jpg
Gentri#7,Engelsk,Jens Hansen,10,17,7,3.jpg
Gentri#7,Dansk,Hans Jørgensen,10,6,4,3.jpg
Gentri#7,Matematik,Hans Jørgensen,10,1,7,3.jpg
Gentri#7,Engelsk,Jens Hansen,10,10,4,3.jpg
Gentri#7,Matematik,Hans Jørgensen,10,16,7,3.jpg
Gentri#7,Matematik,Hans Jensen,10,9,12,3.jpg
Gentri#7,Engelsk,Hans Jørgensen,10,6,4,3.jpg
Gentri#7,Dansk,Jens Hansen,10,7,10,3.jpg
Gentri#7,Engelsk,Jens Hansen,10,10,4,3.jpg
Gentri#7,Engelsk,Hans Jørgensen,10,19,10,3.jpg
Gentri#7,Dansk,Hans Jensen,10,16,10,3.jpg
Gentri#7,Engelsk,Jens Hansen,10,6,12,3.jpg
Gentri#7,Engelsk,Jens Hansen,10,1,4,3.jpg
Gentri#7,Engelsk,Hans Jørgensen,10,7,4,3.jpg
Borneo#8,Dansk,Hans Jørgensen,10,6,7,2.jpg
Borneo#8,Dansk,Jens Hansen,10,12,7,2.jpg
Borneo#8,Dansk,Hans Jensen,10,1,4,2.jpg
Borneo#8,Matematik,Hans Jensen,10,18,4,2.jpg
Borneo#8,Engelsk,Hans Jensen,10,2,7,2.jpg
Borneo#8,Engelsk,Jens Hansen,10,7,12,2.jpg
Borneo#8,Matematik,Jens Hansen,10,9,4,2.jpg
Borneo#8,Matematik,Hans Jørgensen,10,15,12,2.jpg
Borneo#8,Engelsk,Jens Hansen,10,17,7,2.jpg
Borneo#8,Dansk,Hans Jørgensen,10,6,4,2.jpg
Borneo#8,Matematik,Hans Jørgensen,10,1,7,2.jpg
Borneo#8,Engelsk,Jens Hansen,10,10,4,2.jpg
Borneo#8,Matematik,Hans Jørgensen,10,16,7,2.jpg
Borneo#8,Matematik,Hans Jensen,10,9,12,2.jpg
Borneo#8,Engelsk,Hans Jørgensen,10,6,4,2.jpg
Borneo#8,Dansk,Jens Hansen,10,7,10,2.jpg
Borneo#8,Engelsk,Jens Hansen,10,10,4,2.jpg
Borneo#8,Engelsk,Hans Jørgensen,10,19,10,2.jpg
Borneo#8,Dansk,Hans Jensen,10,16,10,2.jpg
Borneo#8,Engelsk,Jens Hansen,10,6,12,2.jpg
Borneo#8,Engelsk,Jens Hansen,10,1,4,2.jpg
Borneo#8,Engelsk,Hans Jørgensen,10,7,4,2.jpg
Borneo#9,Dansk,Hans Jørgensen,10,6,7,3.jpg
Borneo#9,Dansk,Jens Hansen,10,12,7,3.jpg
Borneo#9,Dansk,Hans Jensen,10,1,4,3.jpg
Borneo#9,Matematik,Hans Jensen,10,18,4,3.jpg
Borneo#9,Engelsk,Hans Jensen,10,2,7,3.jpg
Borneo#9,Engelsk,Jens Hansen,10,7,12,3.jpg
Borneo#9,Matematik,Jens Hansen,10,9,4,3.jpg
Borneo#9,Matematik,Hans Jørgensen,10,15,12,3.jpg
Borneo#9,Engelsk,Jens Hansen,10,17,7,3.jpg
Borneo#9,Dansk,Hans Jørgensen,10,6,4,3.jpg
Borneo#9,Matematik,Hans Jørgensen,10,1,7,3.jpg
Borneo#9,Engelsk,Jens Hansen,10,10,4,3.jpg
Borneo#9,Matematik,Hans Jørgensen,10,16,7,3.jpg
Borneo#9,Matematik,Hans Jensen,10,9,12,3.jpg
Borneo#9,Engelsk,Hans Jørgensen,10,6,4,3.jpg
Borneo#9,Dansk,Jens Hansen,10,7,10,3.jpg
Borneo#9,Engelsk,Jens Hansen,10,10,4,3.jpg
Borneo#9,Engelsk,Hans Jørgensen,10,19,10,3.jpg
Borneo#9,Dansk,Hans Jensen,10,16,10,3.jpg
Borneo#9,Engelsk,Jens Hansen,10,6,12,3.jpg
Borneo#9,Engelsk,Jens Hansen,10,1,4,3.jpg
Borneo#9,Engelsk,Hans Jørgensen,10,7,4,3.jpg
Jethro#10,Dansk,Hans Jørgensen,10,6,7,3.jpg
Jethro#10,Dansk,Jens Hansen,10,12,7,3.jpg
Jethro#10,Dansk,Hans Jensen,10,1,4,3.jpg
Jethro#10,Matematik,Hans Jensen,10,18,4,3.jpg
Jethro#10,Engelsk,Hans Jensen,10,2,7,3.jpg
Jethro#10,Engelsk,Jens Hansen,10,7,12,3.jpg
Jethro#10,Matematik,Jens Hansen,10,9,4,3.jpg
Jethro#10,Matematik,Hans Jørgensen,10,15,12,3.jpg
Jethro#10,Engelsk,Jens Hansen,10,17,7,3.jpg
Jethro#10,Dansk,Hans Jørgensen,10,6,4,3.jpg
Jethro#10,Matematik,Hans Jørgensen,10,1,7,3.jpg
Jethro#10,Engelsk,Jens Hansen,10,10,4,3.jpg
Jethro#10,Matematik,Hans Jørgensen,10,16,7,3.jpg
Jethro#10,Matematik,Hans Jensen,10,9,12,3.jpg
Jethro#10,Engelsk,Hans Jørgensen,10,6,4,3.jpg
Jethro#10,Dansk,Jens Hansen,10,7,10,3.jpg
Jethro#10,Engelsk,Jens Hansen,10,10,4,3.jpg
Jethro#10,Engelsk,Hans Jørgensen,10,19,10,3.jpg
Jethro#10,Dansk,Hans Jensen,10,16,10,3.jpg
Jethro#10,Engelsk,Jens Hansen,10,6,12,3.jpg
Jethro#10,Engelsk,Jens Hansen,10,1,4,3.jpg
Jethro#10,Engelsk,Hans Jørgensen,10,7,4,3.jpg
Jethro#11,Dansk,Hans Jørgensen,10,6,7,2.jpg
Jethro#11,Dansk,Jens Hansen,10,12,7,2.jpg
Jethro#11,Dansk,Hans Jensen,10,1,4,2.jpg
Jethro#11,Matematik,Hans Jensen,10,18,4,2.jpg
Jethro#11,Engelsk,Hans Jensen,10,2,7,2.jpg
Jethro#11,Engelsk,Jens Hansen,10,7,12,2.jpg
Jethro#11,Matematik,Jens Hansen,10,9,4,2.jpg
Jethro#11,Matematik,Hans Jørgensen,10,15,12,2.jpg
Jethro#11,Engelsk,Jens Hansen,10,17,7,2.jpg
Jethro#11,Dansk,Hans Jørgensen,10,6,4,2.jpg
Jethro#11,Matematik,Hans Jørgensen,10,1,7,2.jpg
Jethro#11,Engelsk,Jens Hansen,10,10,4,2.jpg
Jethro#11,Matematik,Hans Jørgensen,10,16,7,2.jpg
Jethro#11,Matematik,Hans Jensen,10,9,12,2.jpg
Jethro#11,Engelsk,Hans Jørgensen,10,6,4,2.jpg
Jethro#11,Dansk,Jens Hansen,10,7,10,2.jpg
Jethro#11,Engelsk,Jens Hansen,10,10,4,2.jpg
Jethro#11,Engelsk,Hans Jørgensen,10,19,10,2.jpg
Jethro#11,Dansk,Hans Jensen,10,16,10,2.jpg
Jethro#11,Engelsk,Jens Hansen,10,6,12,2.jpg
Jethro#11,Engelsk,Jens Hansen,10,1,4,2.jpg
Jethro#11,Engelsk,Hans Jørgensen,10,7,4,2.jpg
Borneo#12,Dansk,Hans Jørgensen,10,6,7,3.jpg
Borneo#12,Dansk,Jens Hansen,10,12,7,3.jpg
Borneo#12,Dansk,Hans Jensen,10,1,4,3.jpg
Borneo#12,Matematik,Hans Jensen,10,18,4,3.jpg
Borneo#12,Engelsk,Hans Jensen,10,2,7,3.jpg
Borneo#12,Engelsk,Jens Hansen,10,7,12,3.jpg
Borneo#12,Matematik,Jens Hansen,10,9,4,3.jpg
Borneo#12,Matematik,Hans Jørgensen,10,15,12,3.jpg
Borneo#12,Engelsk,Jens Hansen,10,17,7,3.jpg
Borneo#12,Dansk,Hans Jørgensen,10,6,4,3.jpg
Borneo#12,Matematik,Hans Jørgensen,10,1,7,3.jpg
Borneo#12,Engelsk,Jens Hansen,10,10,4,3.jpg
Borneo#12,Matematik,Hans Jørgensen,10,16,7,3.jpg
Borneo#12,Matematik,Hans Jensen,10,9,12,3.jpg
Borneo#12,Engelsk,Hans Jørgensen,10,6,4,3.jpg
Borneo#12,Dansk,Jens Hansen,10,7,10,3.jpg
Borneo#12,Engelsk,Jens Hansen,10,10,4,3.jpg
Borneo#12,Engelsk,Hans Jørgensen,10,19,10,3.jpg
Borneo#12,Dansk,Hans Jensen,10,16,10,3.jpg
Borneo#12,Engelsk,Jens Hansen,10,6,12,3.jpg
Borneo#12,Engelsk,Jens Hansen,10,1,4,3.jpg
Borneo#12,Engelsk,Hans Jørgensen,10,7,4,3.jpg
Borneo#13,Dansk,Hans Jørgensen,10,6,7,2.jpg
Borneo#13,Dansk,Jens Hansen,10,12,7,2.jpg
Borneo#13,Dansk,Hans Jensen,10,1,4,2.jpg
Borneo#13,Matematik,Hans Jensen,10,18,4,2.jpg
Borneo#13,Engelsk,Hans Jensen,10,2,7,2.jpg
Borneo#13,Engelsk,Jens Hansen,10,7,12,2.jpg
Borneo#13,Matematik,Jens Hansen,10,9,4,2.jpg
Borneo#13,Matematik,Hans Jørgensen,10,15,12,2.jpg
Borneo#13,Engelsk,Jens Hansen,10,17,7,2.jpg
Borneo#13,Dansk,Hans Jørgensen,10,6,4,2.jpg
Borneo#13,Matematik,Hans Jørgensen,10,1,7,2.jpg
Borneo#13,Engelsk,Jens Hansen,10,10,4,2.jpg
Borneo#13,Matematik,Hans Jørgensen,10,16,7,2.jpg
Borneo#13,Matematik,Hans Jensen,10,9,12,2.jpg
Borneo#13,Engelsk,Hans Jørgensen,10,6,4,2.jpg
Borneo#13,Dansk,Jens Hansen,10,7,10,2.jpg
Borneo#13,Engelsk,Jens Hansen,10,10,4,2.jpg
Borneo#13,Engelsk,Hans Jørgensen,10,19,10,2.jpg
Borneo#13,Dansk,Hans Jensen,10,16,10,2.jpg
Borneo#13,Engelsk,Jens Hansen,10,6,12,2.jpg
Borneo#13,Engelsk,Jens Hansen,10,1,4,2.jpg
Borneo#13,Engelsk,Hans Jørgensen,10,7,4,2.jpg
Borneo#14,Dansk,Hans Jørgensen,10,6,7,2.jpg
Borneo#14,Dansk,Jens Hansen,10,12,7,2.jpg
Borneo#14,Dansk,Hans Jensen,10,1,4,2.jpg
Borneo#14,Matematik,Hans Jensen,10,18,4,2.jpg
Borneo#14,Engelsk,Hans Jensen,10,2,7,2.jpg
Borneo#14,Engelsk,Jens Hansen,10,7,12,2.jpg
Borneo#14,Matematik,Jens Hansen,10,9,4,2.jpg
Borneo#14,Matematik,Hans Jørgensen,10,15,12,2.jpg
Borneo#14,Engelsk,Jens Hansen,10,17,7,2.jpg
Borneo#14,Dansk,Hans Jørgensen,10,6,4,2.jpg
Borneo#14,Matematik,Hans Jørgensen,10,1,7,2.jpg
Borneo#14,Engelsk,Jens Hansen,10,10,4,2.jpg
Borneo#14,Matematik,Hans Jørgensen,10,16,7,2.jpg
Borneo#14,Matematik,Hans Jensen,10,9,12,2.jpg
Borneo#14,Engelsk,Hans Jørgensen,10,6,4,2.jpg
Borneo#14,Dansk,Jens Hansen,10,7,10,2.jpg
Borneo#14,Engelsk,Jens Hansen,10,10,4,2.jpg
Borneo#14,Engelsk,Hans Jørgensen,10,19,10,2.jpg
Borneo#14,Dansk,Hans Jensen,10,16,10,2.jpg
Borneo#14,Engelsk,Jens Hansen,10,6,12,2.jpg
Borneo#14,Engelsk,Jens Hansen,10,1,4,2.jpg
Borneo#14,Engelsk,Hans Jørgensen,10,7,4,2.jpg
Borneo#15,Dansk,Hans Jørgensen,10,6,7,1.jpg
Borneo#15,Dansk,Jens Hansen,10,12,7,1.jpg
Borneo#15,Dansk,Hans Jensen,10,1,4,1.jpg
Borneo#15,Matematik,Hans Jensen,10,18,4,1.jpg
Borneo#15,Engelsk,Hans Jensen,10,2,7,1.jpg
Borneo#15,Engelsk,Jens Hansen,10,7,12,1.jpg
Borneo#15,Matematik,Jens Hansen,10,9,4,1.jpg
Borneo#15,Matematik,Hans Jørgensen,10,15,12,1.jpg
Borneo#15,Engelsk,Jens Hansen,10,17,7,1.jpg
Borneo#15,Dansk,Hans Jørgensen,10,6,4,1.jpg
Borneo#15,Matematik,Hans Jørgensen,10,1,7,1.jpg
Borneo#15,Engelsk,Jens Hansen,10,10,4,1.jpg
Borneo#15,Matematik,Hans Jørgensen,10,16,7,1.jpg
Borneo#15,Matematik,Hans Jensen,10,9,12,1.jpg
Borneo#15,Engelsk,Hans Jørgensen,10,6,4,1.jpg
Borneo#15,Dansk,Jens Hansen,10,7,10,1.jpg
Borneo#15,Engelsk,Jens Hansen,10,10,4,1.jpg
Borneo#15,Engelsk,Hans Jørgensen,10,19,10,1.jpg
Borneo#15,Dansk,Hans Jensen,10,16,10,1.jpg
Borneo#15,Engelsk,Jens Hansen,10,6,12,1.jpg
Borneo#15,Engelsk,Jens Hansen,10,1,4,1.jpg
Borneo#15,Engelsk,Hans Jørgensen,10,7,4,1.jpg
Borneo#16,Dansk,Hans Jørgensen,10,6,7,3.jpg
Borneo#16,Dansk,Jens Hansen,10,12,7,3.jpg
Borneo#16,Dansk,Hans Jensen,10,1,4,3.jpg
Borneo#16,Matematik,Hans Jensen,10,18,4,3.jpg
Borneo#16,Engelsk,Hans Jensen,10,2,7,3.jpg
Borneo#16,Engelsk,Jens Hansen,10,7,12,3.jpg
Borneo#16,Matematik,Jens Hansen,10,9,4,3.jpg
Borneo#16,Matematik,Hans Jørgensen,10,15,12,3.jpg
Borneo#16,Engelsk,Jens Hansen,10,17,7,3.jpg
Borneo#16,Dansk,Hans Jørgensen,10,6,4,3.jpg
Borneo#16,Matematik,Hans Jørgensen,10,1,7,3.jpg
Borneo#16,Engelsk,Jens Hansen,10,10,4,3.jpg
Borneo#16,Matematik,Hans Jørgensen,10,16,7,3.jpg
Borneo#16,Matematik,Hans Jensen,10,9,12,3.jpg
Borneo#16,Engelsk,Hans Jørgensen,10,6,4,3.jpg
Borneo#16,Dansk,Jens Hansen,10,7,10,3.jpg
Borneo#16,Engelsk,Jens Hansen,10,10,4,3.jpg
Borneo#16,Engelsk,Hans Jørgensen,10,19,10,3.jpg
Borneo#16,Dansk,Hans Jensen,10,16,10,3.jpg
Borneo#16,Engelsk,Jens Hansen,10,6,12,3.jpg
Borneo#16,Engelsk,Jens Hansen,10,1,4,3.jpg
Borneo#16,Engelsk,Hans Jørgensen,10,7,4,3.jpg
Borneo#17,Dansk,Hans Jørgensen,10,6,7,1.jpg
Borneo#17,Dansk,Jens Hansen,10,12,7,1.jpg
Borneo#17,Dansk,Hans Jensen,10,1,4,1.jpg
Borneo#17,Matematik,Hans Jensen,10,18,4,1.jpg
Borneo#17,Engelsk,Hans Jensen,10,2,7,1.jpg
Borneo#17,Engelsk,Jens Hansen,10,7,12,1.jpg
Borneo#17,Matematik,Jens Hansen,10,9,4,1.jpg
Borneo#17,Matematik,Hans Jørgensen,10,15,12,1.jpg
Borneo#17,Engelsk,Jens Hansen,10,17,7,1.jpg
Borneo#17,Dansk,Hans Jørgensen,10,6,4,1.jpg
Borneo#17,Matematik,Hans Jørgensen,10,1,7,1.jpg
Borneo#17,Engelsk,Jens Hansen,10,10,4,1.jpg
Borneo#17,Matematik,Hans Jørgensen,10,16,7,1.jpg
Borneo#17,Matematik,Hans Jensen,10,9,12,1.jpg
Borneo#17,Engelsk,Hans Jørgensen,10,6,4,1.jpg
Borneo#17,Dansk,Jens Hansen,10,7,10,1.jpg
Borneo#17,Engelsk,Jens Hansen,10,10,4,1.jpg
Borneo#17,Engelsk,Hans Jørgensen,10,19,10,1.jpg
Borneo#17,Dansk,Hans Jensen,10,16,10,1.jpg
Borneo#17,Engelsk,Jens Hansen,10,6,12,1.jpg
Borneo#17,Engelsk,Jens Hansen,10,1,4,1.jpg
Borneo#17,Engelsk,Hans Jørgensen,10,7,4,1.jpg
Borneo#18,Dansk,Hans Jørgensen,10,6,7,3.jpg
Borneo#18,Dansk,Jens Hansen,10,12,7,3.jpg
Borneo#18,Dansk,Hans Jensen,10,1,4,3.jpg
Borneo#18,Matematik,Hans Jensen,10,18,4,3.jpg
Borneo#18,Engelsk,Hans Jensen,10,2,7,3.jpg
Borneo#18,Engelsk,Jens Hansen,10,7,12,3.jpg
Borneo#18,Matematik,Jens Hansen,10,9,4,3.jpg
Borneo#18,Matematik,Hans Jørgensen,10,15,12,3.jpg
Borneo#18,Engelsk,Jens Hansen,10,17,7,3.jpg
Borneo#18,Dansk,Hans Jørgensen,10,6,4,3.jpg
Borneo#18,Matematik,Hans Jørgensen,10,1,7,3.jpg
Borneo#18,Engelsk,Jens Hansen,10,10,4,3.jpg
Borneo#18,Matematik,Hans Jørgensen,10,16,7,3.jpg
Borneo#18,Matematik,Hans Jensen,10,9,12,3.jpg
Borneo#18,Engelsk,Hans Jørgensen,10,6,4,3.jpg
Borneo#18,Dansk,Jens Hansen,10,7,10,3.jpg
Borneo#18,Engelsk,Jens Hansen,10,10,4,3.jpg
Borneo#18,Engelsk,Hans Jørgensen,10,19,10,3.jpg
Borneo#18,Dansk,Hans Jensen,10,16,10,3.jpg
Borneo#18,Engelsk,Jens Hansen,10,6,12,3.jpg
Borneo#18,Engelsk,Jens Hansen,10,1,4,3.jpg
Borneo#18,Engelsk,Hans Jørgensen,10,7,4,3.jpg
Gentri#19,Dansk,Hans Jørgensen,10,6,7,3.jpg
Gentri#19,Dansk,Jens Hansen,10,12,7,3.jpg
Gentri#19,Dansk,Hans Jensen,10,1,4,3.jpg
Gentri#19,Matematik,Hans Jensen,10,18,4,3.jpg
Gentri#19,Engelsk,Hans Jensen,10,2,7,3.jpg
Gentri#19,Engelsk,Jens Hansen,10,7,12,3.jpg
Gentri#19,Matematik,Jens Hansen,10,9,4,3.jpg
Gentri#19,Matematik,Hans Jørgensen,10,15,12,3.jpg
Gentri#19,Engelsk,Jens Hansen,10,17,7,3.jpg
Gentri#19,Dansk,Hans Jørgensen,10,6,4,3.jpg
Gentri#19,Matematik,Hans Jørgensen,10,1,7,3.jpg
Gentri#19,Engelsk,Jens Hansen,10,10,4,3.jpg
Gentri#19,Matematik,Hans Jørgensen,10,16,7,3.jpg
Gentri#19,Matematik,Hans Jensen,10,9,12,3.jpg
Gentri#19,Engelsk,Hans Jørgensen,10,6,4,3.jpg
Gentri#19,Dansk,Jens Hansen,10,7,10,3.jpg
Gentri#19,Engelsk,Jens Hansen,10,10,4,3.jpg
Gentri#19,Engelsk,Hans Jørgensen,10,19,10,3.jpg
Gentri#19,Dansk,Hans Jensen,10,16,10,3.jpg
Gentri#19,Engelsk,Jens Hansen,10,6,12,3.jpg
Gentri#19,Engelsk,Jens Hansen,10,1,4,3.jpg
Gentri#19,Engelsk,Hans Jørgensen,10,7,4,3.jpg
Jethro#20,Dansk,Hans Jørgensen,10,6,7,2.jpg
Jethro#20,Dansk,Jens Hansen,10,12,7,2.jpg
Jethro#20,Dansk,Hans Jensen,10,1,4,2.jpg
Jethro#20,Matematik,Hans Jensen,10,18,4,2.jpg
Jethro#20,Engelsk,Hans Jensen,10,2,7,2.jpg
Jethro#20,Engelsk,Jens Hansen,10,7,12,2.jpg
Jethro#20,Matematik,Jens Hansen,10,9,4,2.jpg
Jethro#20,Matematik,Hans Jørgensen,10,15,12,2.jpg
Jethro#20,Engelsk,Jens Hansen,10,17,7,2.jpg
Jethro#20,Dansk,Hans Jørgensen,10,6,4,2.jpg
Jethro#20,Matematik,Hans Jørgensen,10,1,7,2.jpg
Jethro#20,Engelsk,Jens Hansen,10,10,4,2.jpg
Jethro#20,Matematik,Hans Jørgensen,10,16,7,2.jpg
Jethro#20,Matematik,Hans Jensen,10,9,12,2.jpg
Jethro#20,Engelsk,Hans Jørgensen,10,6,4,2.jpg
Jethro#20,Dansk,Jens Hansen,10,7,10,2.jpg
Jethro#20,Engelsk,Jens Hansen,10,10,4,2.jpg
Jethro#20,Engelsk,Hans Jørgensen,10,19,10,2.jpg
Jethro#20,Dansk,Hans Jensen,10,16,10,2.jpg
Jethro#20,Engelsk,Jens Hansen,10,6,12,2.jpg
Jethro#20,Engelsk,Jens Hansen,10,1,4,2.jpg
Jethro#20,Engelsk,Hans Jørgensen,10,7,4,2.jpg
Borneo#21,Dansk,Hans Jørgensen,10,6,7,2.jpg
Borneo#21,Dansk,Jens Hansen,10,12,7,2.jpg
Borneo#21,Dansk,Hans Jensen,10,1,4,2.jpg
Borneo#21,Matematik,Hans Jensen,10,18,4,2.jpg
Borneo#21,Engelsk,Hans Jensen,10,2,7,2.jpg
Borneo#21,Engelsk,Jens Hansen,10,7,12,2.jpg
Borneo#21,Matematik,Jens Hansen,10,9,4,2.jpg
Borneo#21,Matematik,Hans Jørgensen,10,15,12,2.jpg
Borneo#21,Engelsk,Jens Hansen,10,17,7,2.jpg
Borneo#21,Dansk,Hans Jørgensen,10,6,4,2.jpg
Borneo#21,Matematik,Hans Jørgensen,10,1,7,2.jpg
Borneo#21,Engelsk,Jens Hansen,10,10,4,2.jpg
Borneo#21,Matematik,Hans Jørgensen,10,16,7,2.jpg
Borneo#21,Matematik,Hans Jensen,10,9,12,2.jpg
Borneo#21,Engelsk,Hans Jørgensen,10,6,4,2.jpg
Borneo#21,Dansk,Jens Hansen,10,7,10,2.jpg
Borneo#21,Engelsk,Jens Hansen,10,10,4,2.jpg
Borneo#21,Engelsk,Hans Jørgensen,10,19,10,2.jpg
Borneo#21,Dansk,Hans Jensen,10,16,10,2.jpg
Borneo#21,Engelsk,Jens Hansen,10,6,12,2.jpg
Borneo#21,Engelsk,Jens Hansen,10,1,4,2.jpg
Borneo#21,Engelsk,Hans Jørgensen,10,7,4,2.jpg
